{
  "best_iteration": 397,
  "splits": {
    "test": {
      "pr_auc": 0.35629291603529206,
      "roc_auc": 0.7519771239999959
    },
    "train": {
      "pr_auc": 0.393240358181727,
      "roc_auc": 0.7539705444554758
    },
    "val": {
      "pr_auc": 0.3683299548479239,
      "roc_auc": 0.7642582137370539
    }
  }
}