{
  "best_iteration": 476,
  "splits": {
    "test": {
      "pr_auc": 0.37874918169021443,
      "roc_auc": 0.7483079780328299
    },
    "train": {
      "pr_auc": 0.39292202547458893,
      "roc_auc": 0.7582356851378782
    },
    "val": {
      "pr_auc": 0.3590027754697106,
      "roc_auc": 0.7536381692238925
    }
  }
}