{
  "best_iteration": 418,
  "splits": {
    "test": {
      "pr_auc": 0.35744831609221367,
      "roc_auc": 0.7524491814824986
    },
    "train": {
      "pr_auc": 0.3936986629164738,
      "roc_auc": 0.7542530726783724
    },
    "val": {
      "pr_auc": 0.3694710547195793,
      "roc_auc": 0.7643336940400207
    }
  }
}