{
  "best_iteration": 523,
  "splits": {
    "test": {
      "pr_auc": 0.3693079095351697,
      "roc_auc": 0.7417483858372551
    },
    "train": {
      "pr_auc": 0.3924587019119231,
      "roc_auc": 0.7574259664514456
    },
    "val": {
      "pr_auc": 0.3553466563099082,
      "roc_auc": 0.7494226824265163
    }
  }
}