{
  "best_iteration": 781,
  "splits": {
    "test": {
      "pr_auc": 0.37843702995270967,
      "roc_auc": 0.7486389273944882
    },
    "train": {
      "pr_auc": 0.39929610926105863,
      "roc_auc": 0.7622107759953431
    },
    "val": {
      "pr_auc": 0.3594663863032987,
      "roc_auc": 0.7546349667113824
    }
  }
}