{
  "best_iteration": 348,
  "splits": {
    "test": {
      "pr_auc": 0.34795721219108655,
      "roc_auc": 0.7438182226233482
    },
    "train": {
      "pr_auc": 0.38993476723329207,
      "roc_auc": 0.7511759818198888
    },
    "val": {
      "pr_auc": 0.3655820628113552,
      "roc_auc": 0.7606902798147032
    }
  }
}